{
  "semantic_similarity": {
    "mean": 0.7520954221487045,
    "std": 0.20050607230882717,
    "median": 0.7710572779178619,
    "min": 0.257053017616272,
    "max": 1.0,
    "per_sample": [
      0.9497736692428589,
      0.8375325202941895,
      0.6237545013427734,
      0.9099655151367188,
      0.7135107517242432,
      1.0,
      0.4271102547645569,
      0.6949343681335449,
      0.927186131477356,
      0.5119174718856812,
      0.257053017616272,
      0.9182936549186707,
      0.8286038041114807,
      0.7135107517242432,
      0.5548563003540039,
      0.9497736692428589,
      1.0,
      0.8908144235610962,
      0.6292210221290588,
      0.7040966153144836
    ]
  },
  "label_extraction": {
    "stem_name_accuracy": 0.5,
    "magnitude_range_accuracy": 0.45,
    "error_detection": {
      "accuracy": 0.8,
      "precision": 0.7894736842105263,
      "recall": 1.0,
      "f1": 0.8823529411764706,
      "confusion_matrix": [
        [
          1,
          4
        ],
        [
          0,
          15
        ]
      ],
      "confusion_matrix_labels": [
        "no_error",
        "error_detected"
      ]
    },
    "problem_severity": {
      "accuracy": 0.2,
      "precision_macro": 0.15555555555555553,
      "recall_macro": 0.29,
      "f1_macro": 0.14714285714285716,
      "precision_weighted": 0.20740740740740737,
      "recall_weighted": 0.2,
      "f1_weighted": 0.17285714285714285,
      "precision_per_class": {
        "quiet": 0.3333333333333333,
        "very_quiet": 0.0,
        "loud": 0.1111111111111111,
        "very_loud": 0.3333333333333333,
        "unknown": 0.0
      },
      "recall_per_class": {
        "quiet": 0.2,
        "very_quiet": 0.0,
        "loud": 1.0,
        "very_loud": 0.25,
        "unknown": 0.0
      },
      "f1_per_class": {
        "quiet": 0.25,
        "very_quiet": 0.0,
        "loud": 0.2,
        "very_loud": 0.2857142857142857,
        "unknown": 0.0
      },
      "confusion_matrix": [
        [
          1,
          0,
          2,
          2,
          0
        ],
        [
          2,
          0,
          3,
          0,
          0
        ],
        [
          0,
          0,
          1,
          0,
          0
        ],
        [
          0,
          0,
          3,
          1,
          0
        ],
        [
          0,
          0,
          0,
          0,
          0
        ]
      ],
      "confusion_matrix_labels": [
        "quiet",
        "very_quiet",
        "loud",
        "very_loud",
        "unknown"
      ]
    },
    "direction": {
      "accuracy": 0.45,
      "precision_macro": 0.6523809523809524,
      "recall_macro": 0.5,
      "f1_macro": 0.41988304093567247,
      "precision_weighted": 0.6392857142857142,
      "recall_weighted": 0.45,
      "f1_weighted": 0.41491228070175434,
      "precision_per_class": {
        "increase": 0.6,
        "decrease": 0.35714285714285715,
        "unknown": 1.0
      },
      "recall_per_class": {
        "increase": 0.3,
        "decrease": 1.0,
        "unknown": 0.2
      },
      "f1_per_class": {
        "increase": 0.4,
        "decrease": 0.5263157894736842,
        "unknown": 0.3333333333333333
      },
      "confusion_matrix": [
        [
          3,
          7,
          0
        ],
        [
          0,
          5,
          0
        ],
        [
          2,
          2,
          1
        ]
      ],
      "confusion_matrix_labels": [
        "increase",
        "decrease",
        "unknown"
      ]
    },
    "overall_accuracy": 0.1,
    "error_category_counts": {
      "very_loud": 4,
      "quiet": 5,
      "loud": 1,
      "no_error": 5,
      "very_quiet": 5
    },
    "total_samples": 20,
    "samples_with_errors": 15,
    "extracted_labels": [
      {
        "stem_name": "drums",
        "magnitude_range": [
          3.0,
          6.0
        ],
        "error_detected": true,
        "problem_severity": "loud",
        "direction": "decrease"
      },
      {
        "stem_name": "bass",
        "magnitude_range": [
          6.0,
          12.0
        ],
        "error_detected": true,
        "problem_severity": "very_loud",
        "direction": "decrease"
      },
      {
        "stem_name": "drums",
        "magnitude_range": [
          6.0,
          12.0
        ],
        "error_detected": true,
        "problem_severity": "quiet",
        "direction": "increase"
      },
      {
        "stem_name": "bass",
        "magnitude_range": [
          6.0,
          12.0
        ],
        "error_detected": true,
        "problem_severity": "loud",
        "direction": "decrease"
      },
      {
        "stem_name": "vocals",
        "magnitude_range": [
          3.0,
          6.0
        ],
        "error_detected": true,
        "problem_severity": "loud",
        "direction": "decrease"
      },
      {
        "stem_name": "bass",
        "magnitude_range": [
          6.0,
          12.0
        ],
        "error_detected": true,
        "problem_severity": "loud",
        "direction": "decrease"
      },
      {
        "stem_name": "vocals",
        "magnitude_range": [
          3.0,
          6.0
        ],
        "error_detected": true,
        "problem_severity": "very_loud",
        "direction": "decrease"
      },
      {
        "stem_name": "vocals",
        "magnitude_range": [
          3.0,
          6.0
        ],
        "error_detected": true,
        "problem_severity": "loud",
        "direction": "decrease"
      },
      {
        "stem_name": "bass",
        "magnitude_range": [
          6.0,
          12.0
        ],
        "error_detected": true,
        "problem_severity": "loud",
        "direction": "decrease"
      },
      {
        "stem_name": "bass",
        "magnitude_range": [
          3.0,
          6.0
        ],
        "error_detected": true,
        "problem_severity": "quiet",
        "direction": "increase"
      },
      {
        "stem_name": "drums",
        "magnitude_range": [
          3.0,
          6.0
        ],
        "error_detected": true,
        "problem_severity": "quiet",
        "direction": "increase"
      },
      {
        "stem_name": "bass",
        "magnitude_range": [
          6.0,
          12.0
        ],
        "error_detected": true,
        "problem_severity": "quiet",
        "direction": "increase"
      },
      {
        "stem_name": "bass",
        "magnitude_range": [
          3.0,
          6.0
        ],
        "error_detected": true,
        "problem_severity": "very_loud",
        "direction": "decrease"
      },
      {
        "stem_name": "vocals",
        "magnitude_range": [
          3.0,
          6.0
        ],
        "error_detected": true,
        "problem_severity": "loud",
        "direction": "decrease"
      },
      {
        "stem_name": "vocals",
        "magnitude_range": [
          6.0,
          12.0
        ],
        "error_detected": true,
        "problem_severity": "loud",
        "direction": "decrease"
      },
      {
        "stem_name": "drums",
        "magnitude_range": [
          3.0,
          6.0
        ],
        "error_detected": true,
        "problem_severity": "loud",
        "direction": "decrease"
      },
      {
        "stem_name": null,
        "magnitude_range": null,
        "error_detected": false,
        "problem_severity": null,
        "direction": null
      },
      {
        "stem_name": "bass",
        "magnitude_range": [
          3.0,
          6.0
        ],
        "error_detected": true,
        "problem_severity": "loud",
        "direction": "decrease"
      },
      {
        "stem_name": "vocals",
        "magnitude_range": [
          3.0,
          6.0
        ],
        "error_detected": true,
        "problem_severity": "very_loud",
        "direction": "decrease"
      },
      {
        "stem_name": "drums",
        "magnitude_range": [
          3.0,
          6.0
        ],