{
  "semantic_similarity": {
    "mean": 0.6642472100343124,
    "std": 0.1842423976710154,
    "median": 0.6419090628623962,
    "min": 0.22878168523311615,
    "max": 1.000000238418579
  },
  "label_extraction": {
    "stem_name_accuracy": 0.3110846245530393,
    "magnitude_range_accuracy": 0.42550655542312277,
    "error_detection": {
      "accuracy": 0.7449344457687723,
      "precision": 0.7944664031620553,
      "recall": 0.9122541603630863,
      "f1": 0.8492957746478873,
      "confusion_matrix": [
        [
          22,
          156
        ],
        [
          58,
          603
        ]
      ],
      "confusion_matrix_labels": [
        "no_error",
        "error_detected"
      ]
    },
    "problem_severity": {
      "accuracy": 0.32829046898638425,
      "precision_macro": 0.273193215339233,
      "recall_macro": 0.25462370062370066,
      "f1_macro": 0.24396657395031845,
      "precision_weighted": 0.3439932177937245,
      "recall_weighted": 0.32829046898638425,
      "f1_weighted": 0.3128420530911986,
      "precision_per_class": {
        "quiet": 0.40625,
        "very_quiet": 0.28125,
        "loud": 0.3333333333333333,
        "very_loud": 0.34513274336283184,
        "unknown": 0.0
      },
      "recall_per_class": {
        "quiet": 0.52,
        "very_quiet": 0.060810810810810814,
        "loud": 0.46153846153846156,
        "very_loud": 0.23076923076923078,
        "unknown": 0.0
      },
      "f1_per_class": {
        "quiet": 0.45614035087719296,
        "very_quiet": 0.1,
        "loud": 0.3870967741935484,
        "very_loud": 0.2765957446808511,
        "unknown": 0.0
      },
      "confusion_matrix": [
        [
          91,
          15,
          27,
          19,
          23
        ],
        [
          92,
          9,
          18,
          10,
          19
        ],
        [
          29,
          3,
          78,
          45,
          14
        ],
        [
          12,
          5,
          111,
          39,
          2
        ],
        [
          0,
          0,
          0,
          0,
          0
        ]
      ],
      "confusion_matrix_labels": [
        "quiet",
        "very_quiet",
        "loud",
        "very_loud",
        "unknown"
      ]
    },
    "direction": {
      "accuracy": 0.601907032181168,
      "precision_macro": 0.5146486083243299,
      "recall_macro": 0.5271475373572984,
      "f1_macro": 0.5084316594543549,
      "precision_weighted": 0.5585413017687473,
      "recall_weighted": 0.601907032181168,
      "f1_weighted": 0.5706494984196192,
      "precision_per_class": {
        "increase": 0.6158357771260997,
        "decrease": 0.65311004784689,
        "unknown": 0.275
      },
      "recall_per_class": {
        "increase": 0.6501547987616099,
        "decrease": 0.8076923076923077,
        "unknown": 0.12359550561797752
      },
      "f1_per_class": {
        "increase": 0.6325301204819277,
        "decrease": 0.7222222222222222,
        "unknown": 0.17054263565891473
      },
      "confusion_matrix": [
        [
          210,
          71,
          42
        ],
        [
          49,
          273,
          16
        ],
        [
          82,
          74,
          22
        ]
      ],
      "confusion_matrix_labels": [
        "increase",
        "decrease",
        "unknown"
      ]
    },
    "overall_accuracy": 0.08224076281287247,
    "error_category_counts": {
      "quiet": 175,
      "very_loud": 169,
      "no_error": 178,
      "very_quiet": 148,
      "loud": 169
    },
    "total_samples": 839,
    "samples_with_errors": 661
  }
}